--
-- PostgreSQL database dump
--

\restrict 1akFQIPm0iHh31tH9lOthlXYET6lsoOb2Oi5tbQgXcpJbZsRzBmaIM2s0u0G6f7

-- Dumped from database version 18.1 (Debian 18.1-1.pgdg13+2)
-- Dumped by pg_dump version 18.3

SET statement_timeout = 0;
SET lock_timeout = 0;
SET idle_in_transaction_session_timeout = 0;
SET transaction_timeout = 0;
SET client_encoding = 'UTF8';
SET standard_conforming_strings = on;
SELECT pg_catalog.set_config('search_path', '', false);
SET check_function_bodies = false;
SET xmloption = content;
SET client_min_messages = warning;
SET row_security = off;

--
-- Name: stepwise_schema; Type: SCHEMA; Schema: -; Owner: admin
--

CREATE SCHEMA stepwise_schema;


ALTER SCHEMA stepwise_schema OWNER TO admin;

SET default_tablespace = '';

SET default_table_access_method = heap;

--
-- Name: academic_work; Type: TABLE; Schema: stepwise_schema; Owner: admin
--

CREATE TABLE stepwise_schema.academic_work (
    id bigint NOT NULL,
    group_id bigint NOT NULL,
    work_template_id bigint NOT NULL
);


ALTER TABLE stepwise_schema.academic_work OWNER TO admin;

--
-- Name: academic_work_deadline; Type: TABLE; Schema: stepwise_schema; Owner: admin
--

CREATE TABLE stepwise_schema.academic_work_deadline (
    id bigint NOT NULL,
    deadline timestamp(6) without time zone NOT NULL,
    index_of_chapter integer NOT NULL,
    work_template_id bigint NOT NULL
);


ALTER TABLE stepwise_schema.academic_work_deadline OWNER TO admin;

--
-- Name: academic_work_deadline_id_seq; Type: SEQUENCE; Schema: stepwise_schema; Owner: admin
--

ALTER TABLE stepwise_schema.academic_work_deadline ALTER COLUMN id ADD GENERATED BY DEFAULT AS IDENTITY (
    SEQUENCE NAME stepwise_schema.academic_work_deadline_id_seq
    START WITH 1
    INCREMENT BY 1
    NO MINVALUE
    NO MAXVALUE
    CACHE 1
);


--
-- Name: academic_work_id_seq; Type: SEQUENCE; Schema: stepwise_schema; Owner: admin
--

ALTER TABLE stepwise_schema.academic_work ALTER COLUMN id ADD GENERATED BY DEFAULT AS IDENTITY (
    SEQUENCE NAME stepwise_schema.academic_work_id_seq
    START WITH 1
    INCREMENT BY 1
    NO MINVALUE
    NO MAXVALUE
    CACHE 1
);


--
-- Name: defense_registration; Type: TABLE; Schema: stepwise_schema; Owner: admin
--

CREATE TABLE stepwise_schema.defense_registration (
    id bigint NOT NULL,
    order_number integer,
    registered_at timestamp(6) without time zone NOT NULL,
    defense_schedule_id bigint NOT NULL,
    project_id bigint NOT NULL
);


ALTER TABLE stepwise_schema.defense_registration OWNER TO admin;

--
-- Name: defense_registration_id_seq; Type: SEQUENCE; Schema: stepwise_schema; Owner: admin
--

ALTER TABLE stepwise_schema.defense_registration ALTER COLUMN id ADD GENERATED BY DEFAULT AS IDENTITY (
    SEQUENCE NAME stepwise_schema.defense_registration_id_seq
    START WITH 1
    INCREMENT BY 1
    NO MINVALUE
    NO MAXVALUE
    CACHE 1
);


--
-- Name: defense_schedule; Type: TABLE; Schema: stepwise_schema; Owner: admin
--

CREATE TABLE stepwise_schema.defense_schedule (
    id bigint NOT NULL,
    comment text,
    end_time timestamp(6) without time zone,
    max_students integer,
    start_time timestamp(6) without time zone NOT NULL,
    academic_work_id bigint NOT NULL
);


ALTER TABLE stepwise_schema.defense_schedule OWNER TO admin;

--
-- Name: defense_schedule_id_seq; Type: SEQUENCE; Schema: stepwise_schema; Owner: admin
--

ALTER TABLE stepwise_schema.defense_schedule ALTER COLUMN id ADD GENERATED BY DEFAULT AS IDENTITY (
    SEQUENCE NAME stepwise_schema.defense_schedule_id_seq
    START WITH 1
    INCREMENT BY 1
    NO MINVALUE
    NO MAXVALUE
    CACHE 1
);


--
-- Name: explanatory_note_item; Type: TABLE; Schema: stepwise_schema; Owner: admin
--

CREATE TABLE stepwise_schema.explanatory_note_item (
    id bigint NOT NULL,
    order_number integer NOT NULL,
    status character varying(255) NOT NULL,
    student_project_id bigint NOT NULL,
    CONSTRAINT explanatory_note_item_status_check CHECK (((status)::text = ANY ((ARRAY['DRAFT'::character varying, 'SUBMITTED'::character varying, 'APPROVED'::character varying, 'REJECTED'::character varying])::text[])))
);


ALTER TABLE stepwise_schema.explanatory_note_item OWNER TO admin;

--
-- Name: explanatory_note_item_id_seq; Type: SEQUENCE; Schema: stepwise_schema; Owner: admin
--

ALTER TABLE stepwise_schema.explanatory_note_item ALTER COLUMN id ADD GENERATED BY DEFAULT AS IDENTITY (
    SEQUENCE NAME stepwise_schema.explanatory_note_item_id_seq
    START WITH 1
    INCREMENT BY 1
    NO MINVALUE
    NO MAXVALUE
    CACHE 1
);


--
-- Name: group_student; Type: TABLE; Schema: stepwise_schema; Owner: admin
--

CREATE TABLE stepwise_schema.group_student (
    group_id bigint NOT NULL,
    student_id bigint NOT NULL
);


ALTER TABLE stepwise_schema.group_student OWNER TO admin;

--
-- Name: item_history; Type: TABLE; Schema: stepwise_schema; Owner: admin
--

CREATE TABLE stepwise_schema.item_history (
    id bigint NOT NULL,
    changed_at timestamp(6) without time zone NOT NULL,
    file_name character varying(255),
    new_status character varying(255) NOT NULL,
    previous_status character varying(255),
    teacher_comment text,
    changed_by_user_id bigint,
    item_id bigint NOT NULL,
    CONSTRAINT item_history_new_status_check CHECK (((new_status)::text = ANY ((ARRAY['DRAFT'::character varying, 'SUBMITTED'::character varying, 'APPROVED'::character varying, 'REJECTED'::character varying])::text[]))),
    CONSTRAINT item_history_previous_status_check CHECK (((previous_status)::text = ANY ((ARRAY['DRAFT'::character varying, 'SUBMITTED'::character varying, 'APPROVED'::character varying, 'REJECTED'::character varying])::text[])))
);


ALTER TABLE stepwise_schema.item_history OWNER TO admin;

--
-- Name: item_history_id_seq; Type: SEQUENCE; Schema: stepwise_schema; Owner: admin
--

ALTER TABLE stepwise_schema.item_history ALTER COLUMN id ADD GENERATED BY DEFAULT AS IDENTITY (
    SEQUENCE NAME stepwise_schema.item_history_id_seq
    START WITH 1
    INCREMENT BY 1
    NO MINVALUE
    NO MAXVALUE
    CACHE 1
);


--
-- Name: password_reset_token; Type: TABLE; Schema: stepwise_schema; Owner: admin
--

CREATE TABLE stepwise_schema.password_reset_token (
    id bigint NOT NULL,
    expiry_date timestamp(6) without time zone,
    token character varying(255),
    user_id bigint NOT NULL
);


ALTER TABLE stepwise_schema.password_reset_token OWNER TO admin;

--
-- Name: password_reset_token_id_seq; Type: SEQUENCE; Schema: stepwise_schema; Owner: admin
--

ALTER TABLE stepwise_schema.password_reset_token ALTER COLUMN id ADD GENERATED BY DEFAULT AS IDENTITY (
    SEQUENCE NAME stepwise_schema.password_reset_token_id_seq
    START WITH 1
    INCREMENT BY 1
    NO MINVALUE
    NO MAXVALUE
    CACHE 1
);


--
-- Name: profile; Type: TABLE; Schema: stepwise_schema; Owner: admin
--

CREATE TABLE stepwise_schema.profile (
    id bigint NOT NULL,
    address character varying(255),
    first_name character varying(255),
    last_name character varying(255),
    middle_name character varying(255),
    phone_number character varying(255)
);


ALTER TABLE stepwise_schema.profile OWNER TO admin;

--
-- Name: profile_id_seq; Type: SEQUENCE; Schema: stepwise_schema; Owner: admin
--

ALTER TABLE stepwise_schema.profile ALTER COLUMN id ADD GENERATED BY DEFAULT AS IDENTITY (
    SEQUENCE NAME stepwise_schema.profile_id_seq
    START WITH 1
    INCREMENT BY 1
    NO MINVALUE
    NO MAXVALUE
    CACHE 1
);


--
-- Name: student_project; Type: TABLE; Schema: stepwise_schema; Owner: admin
--

CREATE TABLE stepwise_schema.student_project (
    id bigint NOT NULL,
    approved_for_defense_at timestamp(6) without time zone,
    defended_at timestamp(6) without time zone,
    description text,
    grade integer,
    status character varying(255) DEFAULT 'IN_PROGRESS'::character varying NOT NULL,
    title character varying(255) NOT NULL,
    academic_work_id bigint NOT NULL,
    student_id bigint,
    CONSTRAINT student_project_grade_check CHECK (((grade <= 5) AND (grade >= 1))),
    CONSTRAINT student_project_status_check CHECK (((status)::text = ANY ((ARRAY['IN_PROGRESS'::character varying, 'APPROVED_FOR_DEFENSE'::character varying, 'DEFENDED'::character varying])::text[])))
);


ALTER TABLE stepwise_schema.student_project OWNER TO admin;

--
-- Name: student_project_id_seq; Type: SEQUENCE; Schema: stepwise_schema; Owner: admin
--

ALTER TABLE stepwise_schema.student_project ALTER COLUMN id ADD GENERATED BY DEFAULT AS IDENTITY (
    SEQUENCE NAME stepwise_schema.student_project_id_seq
    START WITH 1
    INCREMENT BY 1
    NO MINVALUE
    NO MAXVALUE
    CACHE 1
);


--
-- Name: study_group; Type: TABLE; Schema: stepwise_schema; Owner: admin
--

CREATE TABLE stepwise_schema.study_group (
    id bigint NOT NULL,
    name character varying(255) NOT NULL
);


ALTER TABLE stepwise_schema.study_group OWNER TO admin;

--
-- Name: study_group_id_seq; Type: SEQUENCE; Schema: stepwise_schema; Owner: admin
--

ALTER TABLE stepwise_schema.study_group ALTER COLUMN id ADD GENERATED BY DEFAULT AS IDENTITY (
    SEQUENCE NAME stepwise_schema.study_group_id_seq
    START WITH 1
    INCREMENT BY 1
    NO MINVALUE
    NO MAXVALUE
    CACHE 1
);


--
-- Name: usr; Type: TABLE; Schema: stepwise_schema; Owner: admin
--

CREATE TABLE stepwise_schema.usr (
    id bigint NOT NULL,
    email character varying(255) NOT NULL,
    password character varying(255) NOT NULL,
    role character varying(255) NOT NULL,
    temp_password character varying(255),
    username character varying(255) NOT NULL,
    profile_id bigint,
    CONSTRAINT usr_role_check CHECK (((role)::text = ANY ((ARRAY['ADMIN'::character varying, 'STUDENT'::character varying, 'TEACHER'::character varying])::text[])))
);


ALTER TABLE stepwise_schema.usr OWNER TO admin;

--
-- Name: usr_id_seq; Type: SEQUENCE; Schema: stepwise_schema; Owner: admin
--

ALTER TABLE stepwise_schema.usr ALTER COLUMN id ADD GENERATED BY DEFAULT AS IDENTITY (
    SEQUENCE NAME stepwise_schema.usr_id_seq
    START WITH 1
    INCREMENT BY 1
    NO MINVALUE
    NO MAXVALUE
    CACHE 1
);


--
-- Name: work_template; Type: TABLE; Schema: stepwise_schema; Owner: admin
--

CREATE TABLE stepwise_schema.work_template (
    id bigint NOT NULL,
    count_of_chapters integer NOT NULL,
    created_at timestamp(6) without time zone DEFAULT now() NOT NULL,
    template_description text,
    template_title character varying(255) NOT NULL,
    type character varying(255) NOT NULL,
    work_description text,
    work_title character varying(255) NOT NULL,
    teacher_id bigint,
    CONSTRAINT work_template_type_check CHECK (((type)::text = ANY ((ARRAY['COURSEWORK'::character varying, 'THESIS'::character varying])::text[])))
);


ALTER TABLE stepwise_schema.work_template OWNER TO admin;

--
-- Name: work_template_chapter; Type: TABLE; Schema: stepwise_schema; Owner: admin
--

CREATE TABLE stepwise_schema.work_template_chapter (
    id bigint NOT NULL,
    description character varying(255),
    index_of_chapter integer NOT NULL,
    title character varying(255) NOT NULL,
    work_template_id bigint NOT NULL
);


ALTER TABLE stepwise_schema.work_template_chapter OWNER TO admin;

--
-- Name: work_template_chapter_id_seq; Type: SEQUENCE; Schema: stepwise_schema; Owner: admin
--

ALTER TABLE stepwise_schema.work_template_chapter ALTER COLUMN id ADD GENERATED BY DEFAULT AS IDENTITY (
    SEQUENCE NAME stepwise_schema.work_template_chapter_id_seq
    START WITH 1
    INCREMENT BY 1
    NO MINVALUE
    NO MAXVALUE
    CACHE 1
);


--
-- Name: work_template_id_seq; Type: SEQUENCE; Schema: stepwise_schema; Owner: admin
--

ALTER TABLE stepwise_schema.work_template ALTER COLUMN id ADD GENERATED BY DEFAULT AS IDENTITY (
    SEQUENCE NAME stepwise_schema.work_template_id_seq
    START WITH 1
    INCREMENT BY 1
    NO MINVALUE
    NO MAXVALUE
    CACHE 1
);


--
-- Data for Name: academic_work; Type: TABLE DATA; Schema: stepwise_schema; Owner: admin
--

COPY stepwise_schema.academic_work (id, group_id, work_template_id) FROM stdin;
8	1	5
9	1	6
\.


--
-- Data for Name: academic_work_deadline; Type: TABLE DATA; Schema: stepwise_schema; Owner: admin
--

COPY stepwise_schema.academic_work_deadline (id, deadline, index_of_chapter, work_template_id) FROM stdin;
22	2026-05-01 08:52:00	0	8
23	2026-05-08 08:52:00	1	8
24	2026-05-18 08:52:00	2	8
25	2026-05-29 08:52:00	3	8
26	2026-05-31 08:52:00	4	8
27	2026-04-25 14:23:00	0	9
28	2026-04-22 14:23:00	1	9
29	2026-04-24 14:23:52.27	2	9
30	2026-04-24 14:23:52.27	3	9
31	2026-04-24 14:23:52.27	4	9
\.


--
-- Data for Name: defense_registration; Type: TABLE DATA; Schema: stepwise_schema; Owner: admin
--

COPY stepwise_schema.defense_registration (id, order_number, registered_at, defense_schedule_id, project_id) FROM stdin;
3	1	2026-04-24 19:45:51.247295	3	12
\.


--
-- Data for Name: defense_schedule; Type: TABLE DATA; Schema: stepwise_schema; Owner: admin
--

COPY stepwise_schema.defense_schedule (id, comment, end_time, max_students, start_time, academic_work_id) FROM stdin;
3	\N	2026-05-13 10:00:00	3	2026-05-13 08:00:00	8
4	405	2026-05-15 10:00:00	3	2026-05-15 09:00:00	8
\.


--
-- Data for Name: explanatory_note_item; Type: TABLE DATA; Schema: stepwise_schema; Owner: admin
--

COPY stepwise_schema.explanatory_note_item (id, order_number, status, student_project_id) FROM stdin;
21	0	APPROVED	11
22	1	APPROVED	11
23	0	APPROVED	12
24	1	APPROVED	12
25	2	APPROVED	12
26	3	APPROVED	12
5	0	APPROVED	6
27	4	APPROVED	12
28	0	APPROVED	13
6	1	APPROVED	6
29	1	APPROVED	13
8	0	APPROVED	8
30	2	APPROVED	13
9	1	APPROVED	8
10	2	SUBMITTED	8
11	0	APPROVED	7
12	1	REJECTED	7
13	0	APPROVED	9
14	1	APPROVED	9
15	2	APPROVED	9
16	3	SUBMITTED	9
31	2	APPROVED	6
17	0	APPROVED	10
18	1	APPROVED	10
19	2	APPROVED	10
20	3	REJECTED	10
33	3	APPROVED	6
\.


--
-- Data for Name: group_student; Type: TABLE DATA; Schema: stepwise_schema; Owner: admin
--

COPY stepwise_schema.group_student (group_id, student_id) FROM stdin;
2	8
1	5
1	6
1	7
1	8
1	9
1	10
1	11
1	12
\.


--
-- Data for Name: item_history; Type: TABLE DATA; Schema: stepwise_schema; Owner: admin
--

COPY stepwise_schema.item_history (id, changed_at, file_name, new_status, previous_status, teacher_comment, changed_by_user_id, item_id) FROM stdin;
19	2026-04-23 12:37:19.808918	КИС 1 Гарин Ярослав ПИН-122.pdf	DRAFT	\N	\N	5	5
20	2026-04-23 12:37:30.584407	\N	SUBMITTED	DRAFT	\N	5	5
21	2026-04-23 12:38:57.69424	\N	APPROVED	SUBMITTED	хорошо	4	5
22	2026-04-23 12:56:34.823136	КИС 2 Гарин Ярослав ПИН-122.pdf	DRAFT	\N	\N	5	6
23	2026-04-23 12:56:39.316333	\N	SUBMITTED	DRAFT	\N	5	6
24	2026-04-23 12:58:29.577912	\N	REJECTED	SUBMITTED	плохо	4	6
25	2026-04-23 13:18:43.460156	КИС 5 Гарин Ярослав ПИН-122.pdf	DRAFT	REJECTED	\N	5	6
26	2026-04-23 13:18:46.668185	\N	SUBMITTED	DRAFT	\N	5	6
27	2026-04-23 13:19:22.695751	\N	APPROVED	SUBMITTED	Хорошое содержание	4	6
34	2026-04-23 19:34:15.011418	ЦОИ 6 Гарин Ярослав ПИН-122.pdf	DRAFT	\N	\N	7	8
35	2026-04-23 19:34:16.108474	\N	SUBMITTED	DRAFT	\N	7	8
36	2026-04-23 19:34:29.013531	\N	APPROVED	SUBMITTED	хорошо	4	8
37	2026-04-23 19:35:04.310401	КИС 2 Гарин Ярослав ПИН-122.pdf	DRAFT	\N	\N	7	9
38	2026-04-23 19:35:05.024851	\N	SUBMITTED	DRAFT	\N	7	9
39	2026-04-23 19:35:22.248851	\N	APPROVED	SUBMITTED	хорошо	4	9
40	2026-04-23 19:35:35.075659	КИС 3 Гарин Ярослав ПИН-122.pdf	DRAFT	\N	\N	7	10
41	2026-04-23 19:35:37.525738	\N	SUBMITTED	DRAFT	\N	7	10
42	2026-04-23 19:36:19.651454	КИС 1 Гарин Ярослав ПИН-122.pdf	DRAFT	\N	\N	6	11
43	2026-04-23 19:36:20.431921	\N	SUBMITTED	DRAFT	\N	6	11
44	2026-04-23 19:36:53.449024	\N	APPROVED	SUBMITTED	хорошо	4	11
45	2026-04-23 19:37:01.885723	КИС 2 Гарин Ярослав ПИН-122.pdf	DRAFT	\N	\N	6	12
46	2026-04-23 19:37:02.626205	\N	SUBMITTED	DRAFT	\N	6	12
47	2026-04-23 19:37:09.258158	\N	REJECTED	SUBMITTED	плохо	4	12
48	2026-04-23 19:38:28.064753	КИС 1 Гарин Ярослав ПИН-122.pdf	DRAFT	\N	\N	8	13
49	2026-04-23 19:38:28.808769	\N	SUBMITTED	DRAFT	\N	8	13
50	2026-04-23 19:38:36.761402	\N	APPROVED	SUBMITTED	хорошо	4	13
51	2026-04-23 19:38:44.282043	КИС 2 Гарин Ярослав ПИН-122.pdf	DRAFT	\N	\N	8	14
52	2026-04-23 19:38:44.986141	\N	SUBMITTED	DRAFT	\N	8	14
53	2026-04-23 19:38:57.932419	\N	APPROVED	SUBMITTED	хорошо	4	14
54	2026-04-23 19:39:07.750249	КИС 3 Гарин Ярослав ПИН-122.pdf	DRAFT	\N	\N	8	15
55	2026-04-23 19:39:08.465422	\N	SUBMITTED	DRAFT	\N	8	15
56	2026-04-23 19:39:17.992373	\N	APPROVED	SUBMITTED	хорошо	4	15
57	2026-04-23 19:39:32.090588	КИС 4 Гарин Ярослав ПИН-122.pdf	DRAFT	\N	\N	8	16
58	2026-04-23 19:39:32.948184	\N	SUBMITTED	DRAFT	\N	8	16
59	2026-04-23 19:40:16.337967	КИС 1 Гарин Ярослав ПИН-122.pdf	DRAFT	\N	\N	9	17
60	2026-04-23 19:40:16.970617	\N	SUBMITTED	DRAFT	\N	9	17
61	2026-04-23 19:40:27.202908	\N	APPROVED	SUBMITTED	хорошо	4	17
62	2026-04-23 19:40:39.118509	КИС 2 Гарин Ярослав ПИН-122.pdf	DRAFT	\N	\N	9	18
63	2026-04-23 19:40:40.121359	\N	SUBMITTED	DRAFT	\N	9	18
64	2026-04-23 19:40:49.135389	\N	APPROVED	SUBMITTED	хорошо	4	18
65	2026-04-23 19:40:56.737393	КИС 3 Гарин Ярослав ПИН-122.pdf	DRAFT	\N	\N	9	19
66	2026-04-23 19:40:57.382251	\N	SUBMITTED	DRAFT	\N	9	19
67	2026-04-23 19:41:04.297459	\N	APPROVED	SUBMITTED	хорошо	4	19
68	2026-04-23 19:41:19.319084	КИС 4 Гарин Ярослав ПИН-122.pdf	DRAFT	\N	\N	9	20
69	2026-04-23 19:41:20.050382	\N	SUBMITTED	DRAFT	\N	9	20
70	2026-04-23 19:41:29.841324	\N	REJECTED	SUBMITTED	доработать	4	20
71	2026-04-23 19:41:53.535179	КИС 1 Гарин Ярослав ПИН-122.pdf	DRAFT	\N	\N	10	21
72	2026-04-23 19:41:54.294403	\N	SUBMITTED	DRAFT	\N	10	21
73	2026-04-23 19:42:02.414762	\N	APPROVED	SUBMITTED	хорошо	4	21
74	2026-04-23 19:43:38.649496	КИС 2 Гарин Ярослав ПИН-122.pdf	DRAFT	\N	\N	10	22
75	2026-04-23 19:43:39.206173	\N	SUBMITTED	DRAFT	\N	10	22
76	2026-04-23 19:43:45.739955	\N	APPROVED	SUBMITTED	хорошо	4	22
77	2026-04-23 19:44:08.56051	КИС 1 Гарин Ярослав ПИН-122.pdf	DRAFT	\N	\N	11	23
78	2026-04-23 19:44:09.601635	\N	SUBMITTED	DRAFT	\N	11	23
79	2026-04-23 19:44:16.071761	\N	APPROVED	SUBMITTED	хорошо	4	23
80	2026-04-23 19:44:25.411476	КИС 2 Гарин Ярослав ПИН-122.pdf	DRAFT	\N	\N	11	24
81	2026-04-23 19:44:26.136177	\N	SUBMITTED	DRAFT	\N	11	24
82	2026-04-23 19:44:32.554094	\N	APPROVED	SUBMITTED	хорошо	4	24
83	2026-04-23 19:44:42.265262	КИС 3 Гарин Ярослав ПИН-122.pdf	DRAFT	\N	\N	11	25
84	2026-04-23 19:44:44.008432	\N	SUBMITTED	DRAFT	\N	11	25
85	2026-04-23 19:44:54.483653	\N	APPROVED	SUBMITTED	хорошо	4	25
86	2026-04-23 19:45:42.008069	КИС 4 Гарин Ярослав ПИН-122.pdf	DRAFT	\N	\N	11	26
87	2026-04-23 19:45:42.731545	\N	SUBMITTED	DRAFT	\N	11	26
88	2026-04-23 19:45:50.582251	\N	APPROVED	SUBMITTED	хорошо	4	26
89	2026-04-23 19:46:02.009374	КИС 5 Гарин Ярослав ПИН-122.pdf	DRAFT	\N	\N	11	27
90	2026-04-23 19:46:02.884899	\N	SUBMITTED	DRAFT	\N	11	27
91	2026-04-23 19:46:16.65841	\N	APPROVED	SUBMITTED	хорошо	4	27
92	2026-04-23 19:46:53.901898	КИС 1 Гарин Ярослав ПИН-122.pdf	DRAFT	\N	\N	12	28
93	2026-04-23 19:46:54.668184	\N	SUBMITTED	DRAFT	\N	12	28
94	2026-04-23 19:47:04.980079	\N	APPROVED	SUBMITTED	хорошо	4	28
95	2026-04-23 19:47:21.13036	КИС 2 Гарин Ярослав ПИН-122.pdf	DRAFT	\N	\N	12	29
96	2026-04-23 19:47:21.939798	\N	SUBMITTED	DRAFT	\N	12	29
97	2026-04-23 19:47:28.733765	\N	APPROVED	SUBMITTED	хорошо	4	29
98	2026-04-23 19:47:35.398411	КИС 3 Гарин Ярослав ПИН-122.pdf	DRAFT	\N	\N	12	30
99	2026-04-23 19:47:36.039333	\N	SUBMITTED	DRAFT	\N	12	30
100	2026-04-23 19:47:42.645141	\N	APPROVED	SUBMITTED	хорошо	4	30
101	2026-04-24 17:54:35.24894	ЦОИ 6 Гарин Ярослав ПИН-122.pdf	DRAFT	\N	\N	5	31
102	2026-04-24 17:54:36.677649	\N	SUBMITTED	DRAFT	\N	5	31
103	2026-04-24 17:55:06.444814	\N	REJECTED	SUBMITTED	Работу не принимаю, доработать...	4	31
104	2026-04-24 17:56:50.767572	ЦОИ 6 Гарин Ярослав ПИН-122.pdf	DRAFT	REJECTED	\N	5	31
105	2026-04-24 17:56:54.165074	\N	SUBMITTED	DRAFT	\N	5	31
108	2026-04-24 18:17:35.902995	ЦОИ 6 Гарин Ярослав ПИН-122.pdf	DRAFT	\N	\N	5	33
109	2026-04-24 18:17:38.555	\N	SUBMITTED	DRAFT	\N	5	33
113	2026-04-24 18:17:38.555	ЦОИ 6 Гарин Ярослав ПИН-122.pdf	APPROVED	SUBMITTED	Принимаю!	4	31
114	2026-04-24 19:00:38.478429	\N	APPROVED	SUBMITTED	Принимаю!	4	33
\.


--
-- Data for Name: password_reset_token; Type: TABLE DATA; Schema: stepwise_schema; Owner: admin
--

COPY stepwise_schema.password_reset_token (id, expiry_date, token, user_id) FROM stdin;
\.


--
-- Data for Name: profile; Type: TABLE DATA; Schema: stepwise_schema; Owner: admin
--

COPY stepwise_schema.profile (id, address, first_name, last_name, middle_name, phone_number) FROM stdin;
1	\N	\N	\N	\N	\N
3	г. Выкса ул. Ленина д. 10	Евгений	Панов	Андреевич	89876543322
2	г. Выкса ул. Ленина д. 10	Ярослав	Гарин	Олегович	89875433221
8	г.Выкса	Матвей	Туваев	Денисович	89875433091
9	г. Выкса	Никита	Зотов	Сергеевич	89875433901
10	г. Выкса	Андрей	Сумин	Иванович	89875433091
11	г. Выкса	Дмитрий	Белков	Иванович	89875433091
12	г. Выкса	Данил	Юшеров	Иванович	89875433091
13	г. Выкса	Максим	Кандрушин	Андреевич	89875433091
14	г. Выкса	Данил	Сафронов	Иванович	89875433091
\.


--
-- Data for Name: student_project; Type: TABLE DATA; Schema: stepwise_schema; Owner: admin
--

COPY stepwise_schema.student_project (id, approved_for_defense_at, defended_at, description, grade, status, title, academic_work_id, student_id) FROM stdin;
7	\N	\N	Моё описание проекта	\N	IN_PROGRESS	Мой проект по теме: Разработка нейросетевого классификатора изображений	8	6
8	\N	\N	Моё описание проекта	\N	IN_PROGRESS	Мой проект по теме: Разработка нейросетевого классификатора изображений	8	7
9	\N	\N	Моё описание проекта	\N	IN_PROGRESS	Мой проект по теме: Разработка нейросетевого классификатора изображений	8	8
10	\N	\N	Моё описание проекта	\N	IN_PROGRESS	Мой проект по теме: Разработка нейросетевого классификатора изображений	8	9
11	\N	\N	Моё описание проекта	\N	IN_PROGRESS	Мой проект по теме: Разработка нейросетевого классификатора изображений	8	10
13	\N	\N	Моё описание проекта	\N	IN_PROGRESS	Мой проект по теме: Разработка нейросетевого классификатора изображений	8	12
6	\N	\N	Моё описание проекта	\N	IN_PROGRESS	Мой проект по теме: Разработка нейросетевого классификатора изображений	8	5
14	\N	\N	Моё описание проекта	\N	IN_PROGRESS	Мой проект по теме: Оценка защищённости корпоративной сети методом пентеста	9	5
15	\N	\N	Моё описание проекта	\N	IN_PROGRESS	Мой проект по теме: Оценка защищённости корпоративной сети методом пентеста	9	6
16	\N	\N	Моё описание проекта	\N	IN_PROGRESS	Мой проект по теме: Оценка защищённости корпоративной сети методом пентеста	9	7
17	\N	\N	Моё описание проекта	\N	IN_PROGRESS	Мой проект по теме: Оценка защищённости корпоративной сети методом пентеста	9	8
18	\N	\N	Моё описание проекта	\N	IN_PROGRESS	Мой проект по теме: Оценка защищённости корпоративной сети методом пентеста	9	9
19	\N	\N	Моё описание проекта	\N	IN_PROGRESS	Мой проект по теме: Оценка защищённости корпоративной сети методом пентеста	9	10
20	\N	\N	Моё описание проекта	\N	IN_PROGRESS	Мой проект по теме: Оценка защищённости корпоративной сети методом пентеста	9	11
21	\N	\N	Моё описание проекта	\N	IN_PROGRESS	Мой проект по теме: Оценка защищённости корпоративной сети методом пентеста	9	12
12	2026-04-24 19:01:42.773436	\N	Моё описание проекта	\N	APPROVED_FOR_DEFENSE	Мой проект по теме: Разработка нейросетевого классификатора изображений	8	11
\.


--
-- Data for Name: study_group; Type: TABLE DATA; Schema: stepwise_schema; Owner: admin
--

COPY stepwise_schema.study_group (id, name) FROM stdin;
1	ПИН-122
2	ИС-122
3	ПИН-123
4	ИС-123
\.


--
-- Data for Name: usr; Type: TABLE DATA; Schema: stepwise_schema; Owner: admin
--

COPY stepwise_schema.usr (id, email, password, role, temp_password, username, profile_id) FROM stdin;
4	teacher@email.ru	$2a$12$.u9GZHZZ/V.hwXjLoW02rODT2UM7iiZykcXvdyMP8lPyPPo2HLQbC	TEACHER	Qq@123456	teacher	2
5	student@email.ru	$2a$12$.u9GZHZZ/V.hwXjLoW02rODT2UM7iiZykcXvdyMP8lPyPPo2HLQbC	STUDENT	Qq@123456	student	3
1	admin@email.ru	$2a$12$.u9GZHZZ/V.hwXjLoW02rODT2UM7iiZykcXvdyMP8lPyPPo2HLQbC	ADMIN	Qq@123456	admin	1
6	tuvaev_matvey@gmail.ru	$2a$10$GPnmJG/gLF4ryZgONTUMFucLe3H6QruWSKflEXGzpxstiMNwzD4ky	STUDENT	Qq@123456	tuvaev_matvey	8
7	zatov_nekita@mail.ru	$2a$10$jXUhHr7uEDygg4x0b5eqxe7fD5G6dNeE6ou8VMZ7ezhUhy/HtEqfu	STUDENT	Qq@123456	zatov_nekita	9
8	sumin_andrey@mail.ru	$2a$10$mCYkSSsVXNh8tmjqV4uKDOYGrKF1AVRg09oc8s1cBqmKSOKvUWCZe	STUDENT	Qq@123456	sumin_andrey	10
9	diman_belkov@mail.ru	$2a$10$7d/epj2fs8vHb970pv5hDOevVjKFlHeeOJnOE8r27k7Rzq76kWmZy	STUDENT	Qq@123456	diman_belkov	11
10	usherov_danil@mail.ru	$2a$10$9JfA7AlgXcArLLMwxK9paOfMq.l5634zajKLVM5HSLIuM7sRvxncO	STUDENT	Qq@123456	usherov_danil	12
11	kandrushin_maxim@mail.ru	$2a$10$VS4IkFQU6tKYZnOB0mLbYeuAkxu6lOW/hwBtlrsG7wXRjCzr0e8ge	STUDENT	Qq@123456	kandrushin_maxim	13
12	safronov_danil@mail.ru	$2a$10$hp3W/URoDKqIqpuEGkjnDes7ldu4CH2UDbC7e4E40b16lwJPL8GqS	STUDENT	Qq@123456	safronov_danil	14
\.


--
-- Data for Name: work_template; Type: TABLE DATA; Schema: stepwise_schema; Owner: admin
--

COPY stepwise_schema.work_template (id, count_of_chapters, created_at, template_description, template_title, type, work_description, work_title, teacher_id) FROM stdin;
5	5	2026-04-20 17:50:27.399861	Шаблон для курсового проекта по разработке и обучению нейросетевой модели для задач компьютерного зрения (классификация, детекция, сегментация)	Шаблон курсовой работы: Компьютерное зрение и нейронные сети	COURSEWORK	Разработать и обучить модель свёрточной нейронной сети для распознавания объектов на изображениях, провести анализ метрик.	Разработка нейросетевого классификатора изображений	4
6	5	2026-04-20 17:51:26.746244	Шаблон для курсовой работы по тестированию на проникновение (pentest) корпоративной сети или веб-приложения	Шаблон курсовой работы: Анализ защищённости и пентест	COURSEWORK	Провести разведку, сканирование уязвимостей, эксплуатацию и составить отчёт с рекомендациями по защите.	Оценка защищённости корпоративной сети методом пентеста	4
7	5	2026-04-20 17:51:26.77175	Шаблон для курсового проекта по созданию кроссплатформенного мобильного приложения на Flutter (Dart) с интеграцией бэкенда и базы данных	Шаблон курсовой работы: Разработка мобильного приложения на Flutter	COURSEWORK	Реализовать клиент-серверное мобильное приложение с авторизацией, CRUD операциями и локальным кэшированием.	Кроссплатформенное мобильное приложение для управления задачами	4
\.


--
-- Data for Name: work_template_chapter; Type: TABLE DATA; Schema: stepwise_schema; Owner: admin
--

COPY stepwise_schema.work_template_chapter (id, description, index_of_chapter, title, work_template_id) FROM stdin;
53	Метрики (accuracy, precision, recall, F1), тестирование на валидационной выборке, анализ ошибок (confusion matrix)	3	Тестирование и оценка качества	5
51	Анализ требований к данным (размер, формат, разметка), выбор фреймворка (PyTorch/TensorFlow), обоснование архитектуры	1	Анализ технического задания	5
58	Тестирование: подтверждение найденных уязвимостей, проверка защитных мер, повторное сканирование после устранения	3	Тестирование и валидация	6
50	Актуальность, цели и задачи, обзор существующих аналогов (ResNet, EfficientNet, YOLO)	0	Введение	5
73	Юнит-тестирование (Flutter Test), интеграционное тестирование (виджет-тесты), тестирование на реальных устройствах и эмуляторах	3	Тестирование	7
59	Обобщённые выводы, рекомендации по усилению безопасности, матрица рисков, план исправления уязвимостей	4	Заключение	6
55	Рост киберугроз, цели работы, объект тестирования, нормативная база (NIST, OWASP)	0	Введение	6
52	Реализация пайплайна: предобработка данных, создание модели, подбор гиперпараметров, цикл обучения	2	Реализация модели	5
57	Реализация этапов: сбор информации (OSINT), сканирование портов, анализ уязвимостей (Nessus), эксплуатация (метасплойт, SQL-инъекции), пост-эксплуатация	2	Практическая реализация атак	6
74	Итоги разработки, достигнутые результаты, инструкция по установке и запуску, возможные направления доработки (уведомления, синхронизация)	4	Заключение	7
70	Популярность Flutter, сравнение с нативной разработкой, цель, задачи, целевая аудитория приложения	0	Введение	7
72	Реализация интерфейса на Flutter (виджеты, навигация), интеграция с бэкендом (HTTP-запросы), локальное хранилище (Hive/SQLite), управление состоянием	2	Реализация приложения	7
56	Техническое задание на пентест: границы, правила взаимодействия, легальные аспекты, выбранные инструменты (Nmap, Metasploit, Burp Suite)	1	Анализ технического задания	6
71	Анализ требований: функциональные (регистрация, создание/редактирование задач), нефункциональные (производительность, офлайн-режим). Выбор архитектуры (BLoC, Provider), бэкенда (Firebase / REST API), СУБД (SQLite)	1	Анализ технического задания	7
54	Выводы о достижении целей, возможные улучшения (аугментация, fine-tuning), руководство по использованию модели	4	Заключение	5
\.


--
-- Name: academic_work_deadline_id_seq; Type: SEQUENCE SET; Schema: stepwise_schema; Owner: admin
--

SELECT pg_catalog.setval('stepwise_schema.academic_work_deadline_id_seq', 31, true);


--
-- Name: academic_work_id_seq; Type: SEQUENCE SET; Schema: stepwise_schema; Owner: admin
--

SELECT pg_catalog.setval('stepwise_schema.academic_work_id_seq', 9, true);


--
-- Name: defense_registration_id_seq; Type: SEQUENCE SET; Schema: stepwise_schema; Owner: admin
--

SELECT pg_catalog.setval('stepwise_schema.defense_registration_id_seq', 3, true);


--
-- Name: defense_schedule_id_seq; Type: SEQUENCE SET; Schema: stepwise_schema; Owner: admin
--

SELECT pg_catalog.setval('stepwise_schema.defense_schedule_id_seq', 4, true);


--
-- Name: explanatory_note_item_id_seq; Type: SEQUENCE SET; Schema: stepwise_schema; Owner: admin
--

SELECT pg_catalog.setval('stepwise_schema.explanatory_note_item_id_seq', 33, true);


--
-- Name: item_history_id_seq; Type: SEQUENCE SET; Schema: stepwise_schema; Owner: admin
--

SELECT pg_catalog.setval('stepwise_schema.item_history_id_seq', 114, true);


--
-- Name: password_reset_token_id_seq; Type: SEQUENCE SET; Schema: stepwise_schema; Owner: admin
--

SELECT pg_catalog.setval('stepwise_schema.password_reset_token_id_seq', 1, false);


--
-- Name: profile_id_seq; Type: SEQUENCE SET; Schema: stepwise_schema; Owner: admin
--

SELECT pg_catalog.setval('stepwise_schema.profile_id_seq', 14, true);


--
-- Name: student_project_id_seq; Type: SEQUENCE SET; Schema: stepwise_schema; Owner: admin
--

SELECT pg_catalog.setval('stepwise_schema.student_project_id_seq', 21, true);


--
-- Name: study_group_id_seq; Type: SEQUENCE SET; Schema: stepwise_schema; Owner: admin
--

SELECT pg_catalog.setval('stepwise_schema.study_group_id_seq', 5, true);


--
-- Name: usr_id_seq; Type: SEQUENCE SET; Schema: stepwise_schema; Owner: admin
--

SELECT pg_catalog.setval('stepwise_schema.usr_id_seq', 12, true);


--
-- Name: work_template_chapter_id_seq; Type: SEQUENCE SET; Schema: stepwise_schema; Owner: admin
--

SELECT pg_catalog.setval('stepwise_schema.work_template_chapter_id_seq', 75, true);


--
-- Name: work_template_id_seq; Type: SEQUENCE SET; Schema: stepwise_schema; Owner: admin
--

SELECT pg_catalog.setval('stepwise_schema.work_template_id_seq', 8, true);


--
-- Name: academic_work_deadline academic_work_deadline_pkey; Type: CONSTRAINT; Schema: stepwise_schema; Owner: admin
--

ALTER TABLE ONLY stepwise_schema.academic_work_deadline
    ADD CONSTRAINT academic_work_deadline_pkey PRIMARY KEY (id);


--
-- Name: academic_work academic_work_pkey; Type: CONSTRAINT; Schema: stepwise_schema; Owner: admin
--

ALTER TABLE ONLY stepwise_schema.academic_work
    ADD CONSTRAINT academic_work_pkey PRIMARY KEY (id);


--
-- Name: defense_registration defense_registration_pkey; Type: CONSTRAINT; Schema: stepwise_schema; Owner: admin
--

ALTER TABLE ONLY stepwise_schema.defense_registration
    ADD CONSTRAINT defense_registration_pkey PRIMARY KEY (id);


--
-- Name: defense_schedule defense_schedule_pkey; Type: CONSTRAINT; Schema: stepwise_schema; Owner: admin
--

ALTER TABLE ONLY stepwise_schema.defense_schedule
    ADD CONSTRAINT defense_schedule_pkey PRIMARY KEY (id);


--
-- Name: explanatory_note_item explanatory_note_item_pkey; Type: CONSTRAINT; Schema: stepwise_schema; Owner: admin
--

ALTER TABLE ONLY stepwise_schema.explanatory_note_item
    ADD CONSTRAINT explanatory_note_item_pkey PRIMARY KEY (id);


--
-- Name: item_history item_history_pkey; Type: CONSTRAINT; Schema: stepwise_schema; Owner: admin
--

ALTER TABLE ONLY stepwise_schema.item_history
    ADD CONSTRAINT item_history_pkey PRIMARY KEY (id);


--
-- Name: password_reset_token password_reset_token_pkey; Type: CONSTRAINT; Schema: stepwise_schema; Owner: admin
--

ALTER TABLE ONLY stepwise_schema.password_reset_token
    ADD CONSTRAINT password_reset_token_pkey PRIMARY KEY (id);


--
-- Name: profile profile_pkey; Type: CONSTRAINT; Schema: stepwise_schema; Owner: admin
--

ALTER TABLE ONLY stepwise_schema.profile
    ADD CONSTRAINT profile_pkey PRIMARY KEY (id);


--
-- Name: student_project student_project_pkey; Type: CONSTRAINT; Schema: stepwise_schema; Owner: admin
--

ALTER TABLE ONLY stepwise_schema.student_project
    ADD CONSTRAINT student_project_pkey PRIMARY KEY (id);


--
-- Name: study_group study_group_pkey; Type: CONSTRAINT; Schema: stepwise_schema; Owner: admin
--

ALTER TABLE ONLY stepwise_schema.study_group
    ADD CONSTRAINT study_group_pkey PRIMARY KEY (id);


--
-- Name: usr ukdfui7gxngrgwn9ewee3ogtgym; Type: CONSTRAINT; Schema: stepwise_schema; Owner: admin
--

ALTER TABLE ONLY stepwise_schema.usr
    ADD CONSTRAINT ukdfui7gxngrgwn9ewee3ogtgym UNIQUE (username);


--
-- Name: password_reset_token ukf90ivichjaokvmovxpnlm5nin; Type: CONSTRAINT; Schema: stepwise_schema; Owner: admin
--

ALTER TABLE ONLY stepwise_schema.password_reset_token
    ADD CONSTRAINT ukf90ivichjaokvmovxpnlm5nin UNIQUE (user_id);


--
-- Name: usr ukg9l96r670qkidthshajdtxrqf; Type: CONSTRAINT; Schema: stepwise_schema; Owner: admin
--

ALTER TABLE ONLY stepwise_schema.usr
    ADD CONSTRAINT ukg9l96r670qkidthshajdtxrqf UNIQUE (email);


--
-- Name: usr ukhdnyo1ac02nx19r0pwvi0jct6; Type: CONSTRAINT; Schema: stepwise_schema; Owner: admin
--

ALTER TABLE ONLY stepwise_schema.usr
    ADD CONSTRAINT ukhdnyo1ac02nx19r0pwvi0jct6 UNIQUE (profile_id);


--
-- Name: study_group ukq4wrq0r73ggvn2y0sv416r1um; Type: CONSTRAINT; Schema: stepwise_schema; Owner: admin
--

ALTER TABLE ONLY stepwise_schema.study_group
    ADD CONSTRAINT ukq4wrq0r73ggvn2y0sv416r1um UNIQUE (name);


--
-- Name: usr usr_pkey; Type: CONSTRAINT; Schema: stepwise_schema; Owner: admin
--

ALTER TABLE ONLY stepwise_schema.usr
    ADD CONSTRAINT usr_pkey PRIMARY KEY (id);


--
-- Name: work_template_chapter work_template_chapter_pkey; Type: CONSTRAINT; Schema: stepwise_schema; Owner: admin
--

ALTER TABLE ONLY stepwise_schema.work_template_chapter
    ADD CONSTRAINT work_template_chapter_pkey PRIMARY KEY (id);


--
-- Name: work_template work_template_pkey; Type: CONSTRAINT; Schema: stepwise_schema; Owner: admin
--

ALTER TABLE ONLY stepwise_schema.work_template
    ADD CONSTRAINT work_template_pkey PRIMARY KEY (id);


--
-- Name: defense_schedule fk1ljcw35rnpoygk1dfnqokqrdg; Type: FK CONSTRAINT; Schema: stepwise_schema; Owner: admin
--

ALTER TABLE ONLY stepwise_schema.defense_schedule
    ADD CONSTRAINT fk1ljcw35rnpoygk1dfnqokqrdg FOREIGN KEY (academic_work_id) REFERENCES stepwise_schema.academic_work(id);


--
-- Name: defense_registration fk4hktva1pl843sywiwvu4goxyi; Type: FK CONSTRAINT; Schema: stepwise_schema; Owner: admin
--

ALTER TABLE ONLY stepwise_schema.defense_registration
    ADD CONSTRAINT fk4hktva1pl843sywiwvu4goxyi FOREIGN KEY (defense_schedule_id) REFERENCES stepwise_schema.defense_schedule(id);


--
-- Name: defense_registration fk6rs01momgmcp2uuqoopnqyqyd; Type: FK CONSTRAINT; Schema: stepwise_schema; Owner: admin
--

ALTER TABLE ONLY stepwise_schema.defense_registration
    ADD CONSTRAINT fk6rs01momgmcp2uuqoopnqyqyd FOREIGN KEY (project_id) REFERENCES stepwise_schema.student_project(id);


--
-- Name: work_template_chapter fk74rjra7lreb8xh3hqhrn99rl2; Type: FK CONSTRAINT; Schema: stepwise_schema; Owner: admin
--

ALTER TABLE ONLY stepwise_schema.work_template_chapter
    ADD CONSTRAINT fk74rjra7lreb8xh3hqhrn99rl2 FOREIGN KEY (work_template_id) REFERENCES stepwise_schema.work_template(id);


--
-- Name: password_reset_token fkaoktm29a44115xxopna77ppdg; Type: FK CONSTRAINT; Schema: stepwise_schema; Owner: admin
--

ALTER TABLE ONLY stepwise_schema.password_reset_token
    ADD CONSTRAINT fkaoktm29a44115xxopna77ppdg FOREIGN KEY (user_id) REFERENCES stepwise_schema.usr(id);


--
-- Name: item_history fkbx7drdd1sfv1x7fitc902wnt3; Type: FK CONSTRAINT; Schema: stepwise_schema; Owner: admin
--

ALTER TABLE ONLY stepwise_schema.item_history
    ADD CONSTRAINT fkbx7drdd1sfv1x7fitc902wnt3 FOREIGN KEY (item_id) REFERENCES stepwise_schema.explanatory_note_item(id);


--
-- Name: student_project fke8sihsl9jkcj5tsoxwdj1gimg; Type: FK CONSTRAINT; Schema: stepwise_schema; Owner: admin
--

ALTER TABLE ONLY stepwise_schema.student_project
    ADD CONSTRAINT fke8sihsl9jkcj5tsoxwdj1gimg FOREIGN KEY (academic_work_id) REFERENCES stepwise_schema.academic_work(id);


--
-- Name: explanatory_note_item fkeqeystsvq9kt29c4o6a5yllvk; Type: FK CONSTRAINT; Schema: stepwise_schema; Owner: admin
--

ALTER TABLE ONLY stepwise_schema.explanatory_note_item
    ADD CONSTRAINT fkeqeystsvq9kt29c4o6a5yllvk FOREIGN KEY (student_project_id) REFERENCES stepwise_schema.student_project(id);


--
-- Name: work_template fkf6g1en75kdq9hv3x3kl3m0tay; Type: FK CONSTRAINT; Schema: stepwise_schema; Owner: admin
--

ALTER TABLE ONLY stepwise_schema.work_template
    ADD CONSTRAINT fkf6g1en75kdq9hv3x3kl3m0tay FOREIGN KEY (teacher_id) REFERENCES stepwise_schema.usr(id);


--
-- Name: usr fkiaf4v5f1j2trlpldhr79kbcev; Type: FK CONSTRAINT; Schema: stepwise_schema; Owner: admin
--

ALTER TABLE ONLY stepwise_schema.usr
    ADD CONSTRAINT fkiaf4v5f1j2trlpldhr79kbcev FOREIGN KEY (profile_id) REFERENCES stepwise_schema.profile(id);


--
-- Name: item_history fkin8je3pibx3i5ifwh2fubxxqj; Type: FK CONSTRAINT; Schema: stepwise_schema; Owner: admin
--

ALTER TABLE ONLY stepwise_schema.item_history
    ADD CONSTRAINT fkin8je3pibx3i5ifwh2fubxxqj FOREIGN KEY (changed_by_user_id) REFERENCES stepwise_schema.usr(id);


--
-- Name: academic_work fklkgs9iwadr23h98ld978q10xn; Type: FK CONSTRAINT; Schema: stepwise_schema; Owner: admin
--

ALTER TABLE ONLY stepwise_schema.academic_work
    ADD CONSTRAINT fklkgs9iwadr23h98ld978q10xn FOREIGN KEY (work_template_id) REFERENCES stepwise_schema.work_template(id);


--
-- Name: group_student fkonhj2f0qrundahpj7aegyi69d; Type: FK CONSTRAINT; Schema: stepwise_schema; Owner: admin
--

ALTER TABLE ONLY stepwise_schema.group_student
    ADD CONSTRAINT fkonhj2f0qrundahpj7aegyi69d FOREIGN KEY (student_id) REFERENCES stepwise_schema.usr(id);


--
-- Name: academic_work_deadline fkpjkxa8be25wk231kwq538lip3; Type: FK CONSTRAINT; Schema: stepwise_schema; Owner: admin
--

ALTER TABLE ONLY stepwise_schema.academic_work_deadline
    ADD CONSTRAINT fkpjkxa8be25wk231kwq538lip3 FOREIGN KEY (work_template_id) REFERENCES stepwise_schema.academic_work(id);


--
-- Name: student_project fkpvlsly9mku5s6k2fb78k25swr; Type: FK CONSTRAINT; Schema: stepwise_schema; Owner: admin
--

ALTER TABLE ONLY stepwise_schema.student_project
    ADD CONSTRAINT fkpvlsly9mku5s6k2fb78k25swr FOREIGN KEY (student_id) REFERENCES stepwise_schema.usr(id);


--
-- Name: academic_work fkqj6yonma9o3bchc1q1h3pkbsf; Type: FK CONSTRAINT; Schema: stepwise_schema; Owner: admin
--

ALTER TABLE ONLY stepwise_schema.academic_work
    ADD CONSTRAINT fkqj6yonma9o3bchc1q1h3pkbsf FOREIGN KEY (group_id) REFERENCES stepwise_schema.study_group(id);


--
-- Name: group_student fksqbyjocluthj9snps964tie91; Type: FK CONSTRAINT; Schema: stepwise_schema; Owner: admin
--

ALTER TABLE ONLY stepwise_schema.group_student
    ADD CONSTRAINT fksqbyjocluthj9snps964tie91 FOREIGN KEY (group_id) REFERENCES stepwise_schema.study_group(id);


--
-- PostgreSQL database dump complete
--

\unrestrict 1akFQIPm0iHh31tH9lOthlXYET6lsoOb2Oi5tbQgXcpJbZsRzBmaIM2s0u0G6f7

